Column1,Company,Description,number of samples,Category,Pt,Pd,Rh,Weight,Analysis#
253,Audi,cyl. w/ sensor on end,2,3,154,1525,286,0.76,
255,Audi,beak,2,1,135,3035,186,0.96,576
319,Audi,Moon,1,2,320,3957,242,1.27,54
382,Audi,beak 377,1,1,208,3275,212,0.96,377
394,Audi,Pre 4 bolts,1,3,325,5285,357,0.331,656
52,Audi ,Fat,1,2,232,3600,219,1.277,166
53,Audi ,Fat,2,2,237,3390,202,1.287,253
83,Audi ,Tri,4,1,101,4147,284,0.9,263
17,BMW,Cylinder,1,2,412,1770,336,0.985,155
18,BMW,Cylinder,1,2,0,2315,351,0.956,334
439,BMW,long cigar,1,2,176,3380,204,1.819,128
278,Chrysler ,center sensor,1,5,604,2532,457,1.395,909
345,Chrysler ,Medium,1,4,622,22,110,1.71,265
346,Chrysler ,center sensor 2,1,5,785,1133,348,1.31,35
431,Chrysler ,half/half w/ sensor,1,2,604,2532,457,1.395,909
432,Chrysler ,half/half w/ sensor,1,2,785,1133,348,1.31,35
13,Citroen,Partner,2,2,4255,0,0,1.218,257
14,Citroen,Partner ,3,2,3885,988,0,1.23,495
15,Citroen,Partner large,1,2,5503,0,0,1.4,550
46,Citroen,Xiarra,5,3,401,0,0,0.9634,150
107,Citroen,Wide Flat,3,2,3382,0,0,1.62,206
120,Citroen,like Berlingo,2,1,369,1754,337,0.763,198
134,Citroen,C5,5,1,1281,1228,588,1.075,274
203,Citroen,Berlingo,1,3,538,0,0,0.921,17
204,Citroen,Berlingo,1,3,0,2368,240,0.698,42
234,Citroen,Jumpy,1,1,1062,0,0,1.016,109
273,Citroen,Partner K638,4,2,1400,900,0,0.96,919
274,Citroen,Partner K685,1,2,821,786,0,0.964,920
275,Citroen,Partner K578,1,2,2164,1044,0,0.975,921
450,Citroen,C5 bad,1,2,0,1730,309,0.846,383
79,Daihatsu,good,5,1,1420,2513,311,0.84,247
80,Daihatsu,bad,4,3,1450,0,312,0.77,248
86,Daihatsu,Cast Iron,1,3,515,33,101,0.6,215
109,Daihatsu, Manifold Sirion ,3,1,1841,706,1507,0.486,208
113,Daihatsu, Manifold Sirion ,1,1,1182,31,951,0.4917,132
309,Daihatsu ,good,3,,1414,3617,336,0.841,748
380,DK,KNO,1,1,0,10130,0,0.39,380
326,Fiat,Uno,5,3,0,1844,174,0.724,368
327,Fiat,Uno,1,3,78,2390,239,0.623,2
409,Fiat,Big cigar,1,2,4142,28,0,1.42,60
410,Fiat,Big cigar,2,2,3910,0,0,1.38,727
9,Fiat ,Ears,1,1,0,2255,469,1.1,99
16,Fiat ,Alfa Romeo long,1,2,2097,30,421,1.72,308
69,Fiat ,Lancia,5,1,0,1704,363,1.028,181
70,Fiat ,Lancia,1,1,0,1973,305,1.123,15
224,Fiat ,Punto,1,3,0,1907,210,0.975,90
228,Fiat ,Punto Spice,1,3,0,1690,240,0.934,101
236,Fiat ,w/o ears,1,3,498,21,0,0.875,111
88,Ford,manifold big,3,4,136,216,300,0.973,210
161,Ford,Transit,1,5,4362,20,0,1.44,269
165,Ford,Mazda,1,2,3867,0,9,1.58,629
199,Ford,Fiesta,1,4,0,2507,281,0.58,297
200,Ford,Fiesta small,1,3,12,940,225,0.57,595
292,Ford,brown cone 7T43 AA,3,4,12,1133,101,0.833,897
348,Ford,Mondeo,4,5,0,3060,305,1.25,262
408,Ford,cast,1,4,173,2850,178,0.899,47
422,Ford,Tri ,1,4,754,1347,298,0.871,68
423,Ford,Tri ,1,4,848,1375,319,0.9299,122
424,Ford,Tri ,5,4,936,1324,354,0.93,144
4,Ford ,Focus,10,4,0,3437,366,1.0586,121
5,Ford ,Focus,1,4,33,4762,392,1.057,67
25,Ford ,Pair,1,3,0,722,170,0.42,612
26,Ford ,Pair,1,3,0,642,151,0.42,640
60,Ford ,Filter ,1,,3669,1767,0,0.84,848
60,Ford ,Filter Carbide,1,5,0,0,0,2.889,848
7,GM,Opel Ears,1,1,0,1903,338,0.96,70
36,GM,Aveo,5,4,1296,829,429,0.685,256
37,GM,Aveo,1,4,2352,0,424,0.65,103
43,GM,Loaf,5,5,1174,0,88,1.556,164
47,GM,Cavalier USA,5,5,1799,1346,139,1.1046,151
64,GM,Manifold w/o stripes,1,4,34,3167,346,0.93,462
65,GM,Manifold w/o stripes,3,4,0,3230,340,0.93,660
82,GM,Half loaf,2,4,2070,0,358,0.79,260
112,GM,Daewoo Korea ,1,4,1280,34,127,1.0713,119
132,GM,Flow,2,5,129,3982,143,1.25,699
219,GM,Korea DAC 3 bolts,5,5,1416,0,362,1.164,286
290,GM, Like small loaf(Dmax),1,4,7,1597,479,0.997,895
293,GM,Round w/ hooked pipe 12656266,1,5,21,4055,509,0.927,898
294,GM,158 Round,1,4,13,448,156,0.608,899
304,GM,300 round hooked pipe,1,5,6,3896,287,1.013,882
310,GM,150,1,4,0,3247,223,0.753,749
312,GM,150,1,4,0,3575,244,0.751,756
376,GM,Chevy Silverado,1,2,2655,411,0,2.2,684
377,GM,Chevy Silverado,1,2,2638,430,0,2.08,724
378,GM,Chevy Silverado small,1,2,2361,3006,0,1.7,752
391,GM,Split S,1,5,0,3895,200,0.929,789
396,GM,Manifold w/ stripes,2,4,0,1239,344,1.027,515
405,GM,filter nob hook,1,5,1089,571,0,3.046,701
406,GM,filter nob hook,1,5,1315,685,0,3.095,845
407,GM,filter long hooked ,1,5,1461,629,3,2.88,831
437,GM,Malibu,2,4,58,3285,367,0.51,270
239,GM ,Big Round bad,2,4,0,1330,391,1.38,548
241,GM ,Big Round bad,1,4,16,1352,389,1.34,517
277,GM ,Opel 44 cyl. Like HF,1,2,10,9334,295,1.109,923
305,GM ,med1,2,4,0,4125,207,0.872,744
306,GM ,med2,2,4,0,4330,196,0.834,745
307,GM ,med long,4,4,0,3705,254,0.671,746
308,GM ,med4 knob,4,4,0,2258,309,1.37,747
313,GM ,Chevrolet large round,1,5,2361,3006,0,1.7,752
314,GM ,filter long hooked ,1,5,1273,616,0,2.45,753
334,GM ,Chevrolet large oval,1,5,1079,21,103,1.667,450
41,Honda,Civic,1,3,1013,27,219,0.862,94
42,Honda,Civic,10,3,1254,1415,307,0.548,163
77,Honda,7-8 sensor,1,2,833,13560,805,0.953,637
78,Honda,7-8 sensor,1,2,762,11587,760,1.024,716
201,Honda,manifold,1,3,673,1411,332,0.32,273
227,Honda,Spider,1,2,505,8240,536,0.585,100
381,Honda,Getz,4,3,673,1411,332,0.32,273
436,Honda,Civic Big w/ sensor,1,1,571,2450,582,0.8604,133
444,Honda,Civic Big w/ sensor,5,1,504,2485,541,0.861,384
283,Honda ,center sensor,1,2,1532,4217,671,0.893,912
347,Honda ,Civic good,1,1,397,6420,384,0.515,88
6,Hyundai,Getz AE,1,3,0,1955,373,0.6655,71
8,Hyundai,Elantra manifold,1,1,0,2032.5,375,1.117,72
108,Hyundai,UASR11,4,3,700,0,0,1.1,207
114,Hyundai,Cigar very bad,3,3,111,35,0,0.764,303
166,Hyundai,ODE,1,3,0,1732,313,0.71,619
167,Hyundai,Accent,3,1,1654,0,352,1.052,620
168,Hyundai,Accent,3,1,1876,0,368,1.06,621
169,Hyundai,Accent,4,1,1853,0,364,1.07,622
172,Hyundai,ODE,1,3,0,1885,337,0.713,635
197,Hyundai,Tucson,1,2,2650,0,0,3.71,587
198,Hyundai,Tucson,1,2,2556,0,0,3.8,611
210,Hyundai,Getz AE,1,3,0,2015,374,0.644,116
217,Hyundai,Accent,1,1,1461,,306,1.05,284
221,Hyundai,M3SH31,1,2,1997,280,464,1.26,84
222,Hyundai,JSH34,1,1,1041,24,220,1.18,85
223,Hyundai,HAA9,1,1,1048,25,221,0.89,86
315,Hyundai,filter bad,1,1,932,654,296,0.9,751
362,Hyundai,Getz AE,5,3,14,1715,317,0.654,186
129,Isuzu,Dmax small,1,1,6505,0,0,0.359,554
130,Isuzu,Dmax small,1,1,7722,0,0,0.301,666
131,Isuzu,Dmax small,1,1,8000,0,0,0.32,717
173,Isuzu,Filter,2,1,477,290,0,2.08,725
174,Isuzu,Good,1,2,4018,2997,2,0.956,776
175,Isuzu,Good,2,2,5816,1999,0,0.955,894
349,Isuzu,Dmax,1,2,1093,2717,242,1.23,261
350,Isuzu,Dmax,1,2,1208,2800,231,1.177,220
90,Isuzu ,Dmax mini,1,3,3417,0,0,0.38,301
295,Isuzu ,Good,2,2,5995,2075,0,0.938,900
29,KIA,Goat,1,1,0,6790,261,0.639,379
30,KIA,Goat,1,1,62,7662,194,0.628,348
56,KIA,UD9511,1,2,2403,0,0,1.11,688
58,KIA,LE42 ,2,2,1542,765,2,1.741,839
59,KIA,LE42 ,4,2,1717,834,0,1.81,856
123,KIA,MCD,5,1,0,3280,637,0.828,189
125,KIA,RDH11,1,1,0,2550,451,1.01,735
126,KIA,SDH11,1,1,0,4238,744,1.02,730
127,KIA,RDH11,1,1,0,2362,447,1.025,538
128,KIA,SDH01,1,1,0,3439,692,1.029,924
139,KIA,manifold no writing ,3,1,0,7675,240,0.54,583
140,KIA,manifold no writing ,3,1,0,7320,234,0.52,605
141,KIA,manifold W2BEF5,1,3,0,3772,301,0.4,584
147,KIA,two sensor,4,1,0,4800,183,0.65,432
148,KIA,one sensors,4,1,7,5055,171,0.6465,433
149,KIA,Bronze 2JB6D ,3,3,0,720,50,0.91,434
150,KIA,Silver UDJB10,2,1,2912,0,0,0.718,435
151,KIA,JSH21,1,1,0,11325,0,0.285,740
152,KIA,JSH23,1,1,0,10872,0,0.294,741
158,KIA,cubic pre 3 lines,3,1,6120,0,0,0.4,516
249,Kia,silver cyl. no cover,1,3,733,0,0,1.23,570
256,KIA,cast manifold,1,1,0,8075,373,0.32,577
257,KIA,cast manifold,1,1,0,11038,0,0.29,578
259,KIA,cast manifold,1,1,0,3811,464,0.28,580
260,KIA,cast manifold,1,1,0,11095,0,0.295,581
297,Kia,cast I30,1,1,13,4802,367,0.557,902
298,Kia,cast I30,2,1,10,4693,366,0.553,903
299,Kia,cast ,1,1,10,4339,367,0.533,904
303,KIA,small w/ half cover 2EBA0,1,3,3,1394,156,0.58,881
316,kia,long cigar,1,2,2943,5,0,1.72,754
390,KIA,Filter =,1,2,2497,1353,0,1.962,648
392,KIA,cigar 2G900 ,4,2,0,8905,258,0.865,562
393,KIA,cigar 2G900 ,3,2,0,8772,268,0.873,473
426,KIA,Pre cube,3,1,6120,0,0,0.4,516
258,KIA ,cast manifold,1,1,0,7287,362,0.27,579
268,KIA ,UO14,1,1,3737,0,0,0.61,928
300,Kia ,"cast 2ECA0
",3,1,15,6391,295,0.548,905
301,Kia ,cast ,1,1,14,6240,238,0.402,906
302,KIA ,small w/ half cover 2EBA0,2,3,12,1522,165,0.55,907
98,Mazda,Fat erased,1,2,671,5480,236,1.391,157
106,Mazda,Cup,1,2,1113,3560,573,0.889,205
111,Mazda,Cup,1,2,1053,3072.5,526.5,0.8936,75
119,Mazda,Fat,4,2,650,4355,178,1.36,197
124,Mazda,Fat erased,1,2,1874,49,425,1.1993,190
135,Mazda,MPV,1,1,1307,0,274,1.39,246
136,Mazda,Cigar bad ,5,1,1179,29,259,0.95,244
137,Mazda,Cigar good ,4,1,126,3620,554,0.94,245
138,Mazda,MPV,3,1,1307,24,271,0.94,300
153,Mazda,6 new,1,2,190,4522,615,1.098,509
154,Mazda,6 new,1,2,472,3785,399,1.2,510
209,Mazda,Cigar bad ,1,1,1291,39,283,0.93,115
214,Mazda,Cup w/o casing ,5,2,1113,2817,587,0.91,281
216,Mazda,Cup small,2,2,2129,38,479,0.768,283
287,Mazda,Toyota-like half shields both ends,2,3,97,0,185,0.496,915
289,Mazda,Toyota-like half shields both ends,1,3,94,0,178,0.504,917
291,Mazda,6 manifold web,1,3,14,1996,599,0.507,896
335,Mazda,5 no manifold,2,3,567,17,227,0.714,451
336,Mazda,3  manifold sensor,3,1,99,4095,247,0.683,452
337,Mazda,3 manifold w/o sensor,4,3,148,1655,368,0.619,453
339,Mazda,5 no manifold,1,3,633,0,214,0.734,69
92,Mazda ,5 manifold,1,3,112,3097,220,0.54,304
320,Mazda ,Sedan small,1,3,1524,0,301,0.919,877
388,Mazda ,6 good,1,2,1168,4205,473,1.428,194
389,Mazda ,6 good,2,2,958,4195,415,1.4,329
414,Mazda ,2,1,3,349,911,291,0.646,353
415,Mazda ,2,3,3,250,788,258,0.649,394
1,Mazda  ,Sedan flat,10,1,1868,17,376,0.914,296
2,Mazda  ,Sedan flat,1,1,1800,34,373,0.926,112
19,Mazda  ,Small ,10,1,420,3550,618,0.609,154
20,Mazda  ,Small,1,1,1343,20,283,0.557,44
54,Mazda  ,Sedan Big,1,1,1697,0,368,1.286,254
55,Mazda  ,Sedan Big,1,1,1557,31,287,1.22,96
87,Mazda  ,3  manifold sensor,1,1,173,3960,276,0.689,209
89,Mazda  ,3  manifold sensor,1,1,122,4060,246,0.668,38
66,Mercedes,Round best,1,2,5515,0,0,1.0081,139
67,Mercedes,Round small,1,2,4013,0,0,1.0394,137
97,Mercedes,large flat,1,2,1509,0,329,1.5,156
117,Mercedes,Flat big holes,1,1,1166,5,0,0.997,195
121,Mercedes,Flat big holes,1,1,1338,21,0,1,63
232,Mercedes,Large Round,1,2,3700,0,0,1.32,107
235,Mercedes,Large Round,1,2,3086,0,0,1.478,110
240,Mercedes,Small 3 stripes,1,1,3308,0,0,0.588,549
245,Mercedes,sensor in middle bad,1,3,91,850,436,0.86,566
251,Mercedes,Filter Big 535/492,1,2,1249,0,0,3.882,572
261,Mercedes, sensor in middle good,1,2,6040,0,0,1.02,559
365,Mercedes,S-250,1,2,3230,34,0,1.21,56
438,Mercedes,V,1,1,0,2000,429,0.959,363
440,Mercedes,long cigar,1,2,135,3447,195,1.57,343
264,Mercedes ,Filter KT 6044,1,2,6144,3096,0,0.627,926
266,Mercedes ,Filter KT 1247,1,2,2598,1063,0,2.597,927
272,Mercedes ,Filter KT 6043,1,2,1280,644,0,2.425,931
285,Mercedes ,filter KT 1247,1,2,2433,1203,0,2.76,913
95,Mitsubishi,Magnum,6,2,2492,0,26,1.735,307
142,Mitsubishi,Filter,1,2,796,13,0,3.21,485
162,Mitsubishi,Lancer,8,3,587,746,231,1.033,233
163,Mitsubishi,ears,1,3,582,608,237,1.144,232
185,Mitsubishi,Magnum,1,2,1232,28,255,1.712,176
186,Mitsubishi,Magnum,1,2,2578,0,0,1.68,221
187,Mitsubishi,Magnum,1,2,2217,0,0,1.926,582
211,Mitsubishi,Lancer small,1,3,1450,20,300,0.51,113
213,Mitsubishi,Lancer small,5,3,720,18,289,0.579,287
243,Mitsubishi,Hunter,2,2,4005,0,0,0.89,564
328,Mitsubishi,Pre manifold silver,5,3,1116,2525,654,0.35,315
352,Mitsubishi,Hunter,1,2,5722,0,0,0.919,479
353,Mitsubishi,Hunter,1,2,2612,0,0,0.94,604
387,Mitsubishi,SJ,1,1,159,4077,532,0.867,571
3,Mitsubishi ,Lancer,10,3,677,817,250,1.036,117
21,Mitsubishi ,Charisma,1,1,780,724,308,1.18,51
22,Mitsubishi ,Charisma ,5,1,711,748,294,1.19,474
38,Mitsubishi ,King,1,2,2188,23,0,2.99,87
250,Mitsubishi ,SJ Round Full,1,1,159,4077,532,0.867,571
44,Nissan ,Cast Iron med.,5,3,0,1838,405,0.5096,148
48,Nissan ,X5,1,2,1709,0,330,1.239,160
143,Nissan ,Filter,1,2,1197,11,0,2.6,484
144,Nissan ,Filter,1,2,1152,0,0,2.59,533
164,Nissan ,X2,1,2,1471,6,360,1.67,351
196,Nissan ,Navarro,1,2,5122,7,0,1.4,488
322,Nissan ,Cast Iron small,2,3,1125,34,230,0.43,312
323,Nissan ,X3 small,2,1,1518,41,337,0.813,323
324,Nissan ,X3 big,2,1,1840,37,305,0.915,324
418,Nissan ,Tiida Front,2,1,15,6440,552,0.43,272
419,Nissan ,Tiida back w/cover,3,3,1828,0,367,0.467,779
420,Nissan ,Tiida back w/cover,1,3,1142,0,226,0.445,644
421,Nissan ,Tiida back w/cover,2,3,1783,15,391,0.476,507
263,Opel ,Tri Med. GM67  ,2,2,3138,0,0,0.948,925
276,Opel ,Tri Med. GM15 AC,1,2,2156,11,414,1.083,922
296,Opel ,Tri Big GM32,1,2,3046,0,0,1.437,901
207,Opel ,Corsa,3,1,2519,0,609,0.82,527
208,Opel ,Corsa fat,1,2,11,5730,440,0.91,528
332,Opel ,Astra,4,5,1980,0,325,0.81,437
333,Opel ,Astra,1,5,2152,0,346,0.7348,83
351,Opel ,HF,2,2,1809,2755,277,1.147,174
354,Opel ,Tri Big AC,6,2,1272,929,93,1.5,713
360,Opel ,Tri Big AC,1,2,1630,0,0,1.367,147
361,Opel ,Tri Big AC,3,2,1942,0,0,1.376,367
11,Peugeot,Large Silver,1,1,0,2022,373,0.934,93
12,Peugeot,Large Silver,1,1,0,1888,466,0.925,252
49,Peugeot,Upright,5,1,1649,0,337,0.7616,140
50,Peugeot,Upright,1,1,1658,42,310,0.8055,131
57,Peugeot,Cast Iron angle,1,3,0,1864,435,0.496,760
102,Peugeot,Flat,5,1,221,6780,238,0.791,169
118,Peugeot,Flat,3,1,314,1380,272,0.901,196
122,Peugeot,Flat,1,1,1700,10,348,0.788,5
145,Peugeot,brick,1,1,72,2910,417,1.15,65
146,Peugeot,brick,5,1,1226,1270,420,1.07,278
215,Peugeot,Wide pass ,4,1,960,268,287,0.963,282
220,Peugeot,Wide pass ,1,1,1468.5,0,307.5,0.916,76
344,Peugeot,cigar w/curved ends,3,1,24,2060,306,0.95,778
372,Peugeot,Cigar S 778,3,1,24,2060,306,0.95,778
373,Peugeot,like 306,5,3,277,1862,340,0.85,309
375,Peugeot,like berlingo,5,1,369,1754,337,0.763,198
386,Peugeot,Silver small,1,3,11,1619,322,0.808,224
395,Peugeot,Manifold ///,3,3,0,6930,530,0.254,692
404,Peugeot,106,3,1,1569,245,378,0.956,293
411,Peugeot,306,1,1,1430,0,293,0.81,30
412,Peugeot,306,1,1,1830,32,350,0.74,64
428,Peugeot,418 fat cigar,2,2,0,2755,308,1.45,418
104,Peugeot ,flat w/ grate,1,1,0,2570,345,0.804,203
429,Peugeot ,415 fat cigar,1,2,0,2692,268,1.392,415
23,Renault,Big 3 stripes,1,1,42,2005,409,1.105,211
24,Renault,Big 3 stripes,2,1,0,1962,325,1.16,599
33,Renault,Clio,1,1,1691,0,367,0.83,22
39,Renault,Megane Round,1,1,393,1297,401,1.108,28
40,Renault,Megane Round,5,1,0,3935,395,1.143,292
61,Renault,Fluence C561,1,2,3760,1857,0,0.711,908
61,Renault,Fluence Carbide,1,,58,76,0,2.557,908
72,Renault,Clio,4,1,1610,50,352,0.85,241
75,Renault,Megane Old,1,1,0,2367,330,1.013,20
100,Renault,Express,5,1,1464,0,292,1.071,159
157,Renault,Megane Round,3,1,241,1327,332,1.023,513
189,Renault,Megane Flat,1,1,0,2590,350,1.2457,89
190,Renault,Megane Flat,5,1,66,1977,320,1.21,280
191,Renault,Megane Flat,5,1,512,1290,307,1.285,387
192,Renault,Megane Flat small part,5,1,957,6670,426,0.24,706
193,Renault,Megane Flat,3,1,0,2072,300,1.25,720
194,Renault,V. Big Round S,1,2,3720,0,0,1.55,677
202,Renault,Clio,2,1,1610,50,352,0.85,241
206,Renault,Kangoo,1,3,546,0,0,0.73,7
262,Renault,?Beak,1,1,0,1977,342,0.83,560
435,Renault,Megane Old,4,1,0,1816,334,1,240
441,Renault,Megan Round small,2,1,0,1222,276,1.033,494
445,Renault,Megan Round no beak,2,1,202,2167,343,0.95,707
254,Renault ,? beak,2,1,1262,1258,293,0.89,575
281,Renault ,filter,1,2,2486,2438,0,0.916,911
279,"Renault 
",Fluence 20802662R ,1,2,4164,2024,0,0.724,910
416,Rover,Cross,1,1,0,2430,295,0.91,266
417,Rover,Cross,2,1,0,2250,317,0.92,13
379,Seat,Ibiza,1,3,1420,0,264,0.83,102
413,Seat,Cordoba,1,1,0,4245,284,1.179,98
317,Sevel,round w/bars bad,1,1,1270,0,0,1.365,755
93,Sevel ,Round big,2,2,4257,17,0,1.5,305
84,Skoda ,Octavia,5,2,2482,18,0,1.44,249
85,Skoda ,Fabia,5,2,2833,13,0,1.08,250
115,Skoda ,SF,1,3,0,1233,209,0.8984,124
116,Skoda ,SF,1,3,0,1175,184,0.87,19
231,Skoda ,Fabia,1,2,4515,0,0,0.871,106
318,Skoda ,new-oval,5,1,3200,0,0,0.676,285
338,Skoda ,Fabia,3,2,4643,19,0,0.924,454
355,Skoda ,Fabia Long,2,2,0,2402,302,1.5,702
358,Skoda ,Benzene,5,1,0,4340,293,0.765,318
359,Skoda ,Benzene,5,1,0,4020,309,0.766,360
363,Skoda ,Fabia Long,4,2,0,3415,247,1.225,455
364,Skoda ,Benzene,4,1,0,3650,330,0.74,631
446,Skoda ,Benzene new,1,1,0,2023,178,0.884,802
447,Skoda ,Benzene new,1,1,0,2552,185,0.869,808
448,Skoda ,Benzene new,2,1,7,2481,182,0.861,857
330,Steel,Big ,1,6,,,,,
331,Steel,Small,1,6,,,,,
45,Subaru ,Grand Leone small,5,3,236,0,261,0.3666,149
63,Subaru ,Grand Leone small,5,3,275,41,261,0.36,466
71,Subaru ,B-4,1,2,247,6800,1805,0.572,236
81,Subaru ,Justy,2,3,877,0,309,0.49,258
321,Subaru ,Grand Leone big,10,3,312,1946,364,0.463,235
325,Subaru ,Grand Leone 1,1,2,,,,,
366,Subaru ,Grand Leone,1,2,882,3985,340.5,0.8244,74
367,Subaru ,Grand Leone,10,2,1091,8275,1065,0.617,234
368,Subaru ,Grand Leone,1,2,1368,11087,1457,0.615,184
369,Subaru ,Grand Leone,5,2,1237,9585,1555,0.632,142
370,Subaru ,Grand Leone bad,1,2,611,75,228,0.88,183
374,Subaru ,B3 front,1,1,482,5305,1320,0.363,218
383,Subaru ,B3  back Elbow,1,1,330,5160,2600,0.267,219
384,Subaru ,B3  back Elbow,4,1,384,7030,3510,0.286,237
385,Subaru ,B3  back Elbow,1,1,366,8025,2975,0.29,239
27,Suzuki,Baleno manifold ,4,1,1319,0,500,0.461,743
91,Suzuki,Baleno,1,1,140,3282,213,0.907,97
96,Suzuki,Baleno,5,1,474,2725,223,0.911,120
170,Suzuki,Baleno manifold ,1,1,1568,0,521,0.48,623
171,Suzuki,Baleno manifold ,2,1,4902,11,2110,0.396,395
242,Suzuki,bad,2,3,403,0,0,0.887,586
288,Suzuki,65J-C02,1,3,1041,0,345,0.595,916
329,Suzuki,CO6,2,3,1446,10,487,0.546,739
402,Suzuki,"no cover, single wing",1,1,182,4265,385,0.511,742
403,Suzuki,"no cover, double wing 85L-CO2",2,1,146,5337,304,0.6,827
238,Suzuki ,bad,2,3,394,0,0,0.89,547
397,Suzuki ,Square,1,1,1639,71,530,0.712,223
105,Suzuki  ,Zanke,3,3,1511,0,306,0.575,204
110,Suzuki  ,Zanke,1,3,1392,50,295,0.575,179
73,Toyota,Corolla back,1,3,1759,0,344,0.416,31
74,Toyota,Corolla front,1,1,1723,3805,555,0.479,33
159,Toyota,AD4,1,2,7200,17,0,0.788,226
160,Toyota,AD4,1,2,6652,0,0,0.78,594
176,Toyota,(),1,1,1511,31,283,1,92
177,Toyota,(),1,1,1777,30,329,1.006,161
178,Toyota,(),5,1,1415,4,275,1.034,469
225,Toyota,Corolla w/ cover ,1,1,2325,29,424,0.63,91
244,Toyota, manifold,1,1,2936,0,612,0.51,565
269,Toyota, X18,1,1,2413,0,451,0.657,929
425,Toyota,flat big (),1,2,1777,0,365,1.538,321
430,Toyota,Camry,1,1,4417,13,641,0.52,378
449,Toyota,CE8,1,3,151,1788,307,0.285,835
179,Toyota ,w/o cover,3,1,3092,11,618,0.68,316
180,Toyota ,w/ cover,5,1,2043,10,384,0.68,317
181,Toyota ,Yaris,1,1,1846,3532,640,0.373,36
182,Toyota ,Corolla back,1,1,1634,0,328,0.431,413
183,Toyota ,Corolla front,1,1,2159,2665,615,0.503,414
184,Toyota ,Pair,10,1,1940,1987,512,0.894,118
246,Toyota ,manifold long,1,2,1889,1828,2702,0.727,567
247,Toyota ,manifold,1,1,1351,2025,1305,0.73,568
248,Toyota ,manifold,1,1,742,2655,530,0.533,569
270,Toyota ,HA2,2,2,3590,0,733,0.985,930
286,Toyota ,AB3 ,3,3,914,884,0,1.074,914
340,Toyota ,Avensis,1,1,4638,0,643,0.41,275
99,Unknown,DK 8 holes,1,3,1428,0,293,0.809,158
103,Unknown,DK 8 holes,5,3,1298,19,262,0.828,187
195,Unknown,Chupchik,1,2,1527,847,0,2.95,534
252,Unknown,Filter small,3,2,1408,0,0,2.1,573
371,Unknown,HAA9,1,3,1048,25,221,0.89,86
212,Volvo,Small + steel,1,1,306,4410,338,0.717,114
311,Volvo,Fattest,1,2,2389,0,505,1.89,750
399,Volvo,Steel big,1,2,284,4122,291,0.8389,126
400,Volvo,Steel long single block,1,1,42,3418,351,0.757,167
401,Volvo,Steel long single block,1,1,282,5195,336,0.684,289
68,Volvo ,Large,1,2,245,7280,263,1.48,175
94,Volvo ,Fat,1,2,265,7480,239,2.09,306
188,Volvo ,SF,1,1,2015,73,405,0.93,185
10,VW,Golf Benzene  (SoAfr),1,1,0,3585,304,1.17,95
31,VW,Manifold pre,5,3,0,1829,176,0.27,330
32,VW,Manifold pre,1,3,0,1792,179,0.275,373
51,VW,Polo,5,3,1693,37,0,0.572,173
62,VW,Filter ,1,2,5938,3890,0,0.838,918
62,VW,Filter Carbide,1,,433,231,0,3.89,918
101,VW,Shuttle,5,2,2348,0,0,2.671,168
155,VW,L,2,3,8,2097,488,0.688,511
156,VW,L,3,3,20,2104,475,0.668,563
205,VW,Golf Benzene  (SoAfr),1,2,24,3404,296,1.17,4
218,VW,New Golf,5,1,3200,0,0,0.63,285
226,VW,Seat Cordoba,1,1,0,4245,284,1.179,98
229,VW,Narrow  Golf,1,1,1420,0,264,0.83,102
230,VW,Golf benzene Germany,1,2,0,4685,310,1.116,105
233,VW,Shuttle,1,2,2115,0,0,2.588,108
237,VW,L pre,1,3,0,2962,314,0.2685,546
,VW,small pre manifold,5,3,0,1829,176,0.27,330
,VW,small pre manifold,1,3,0,1792,179,0.275,373
356,VW,Golf benzene Germany,2,2,115,4545,297,1.18,703
357,VW,Golf benzene Germany,1,2,0,4480,239,1.2,705
427,VW,GTI pre,3,3,0,3022,286,0.401,700
433,VW,Filter Golf 1600 Turbo,1,1,806,455,0,2.35,536
434,VW,Filter Golf 1600 Turbo,1,1,739,399,0,2.43,493
133,VW ,pre,3,3,0,3022,286,0.4,700
341,VW ,cigar w/curved ends,2,1,0,2502,121,0.829,477
342,VW ,cigar w/curved ends,1,1,0,2680,121,0.89,489
343,VW ,cigar w/curved ends,1,1,0,2932,136,0.81,553
76,,,,,,,,,
265,,,1,,0,0,0,2.344,926
267,,,1,,1562,787,0,1.69,927
271,Mercedes,KT6043,0,2,7491,3783,0,0.631,931/1
280,,,1,,59,65,0,2.53,910
282,,,1,,55,64,0,1.857,911
284,,,1,2,4710,2263,0,0.91,913
398,,,,,,,,,
442,,,,,,,,,497
443,,,,,,,,,461
451,Volvo ,fat + steel,1,1,2518,124,502,1.04,602
452,VW,Golf 1800,1,2,0,4245,284,1.18,98
453,Mazda,6 bad,2,2,190,4522,615,1.098,509
454,Mazda,6 bad,2,2,472,3785,399,1.2,510
455,Isuzu,Dmax pair,2,1,447,1933,426,1.27,319
456,Honda,Accord,3,1,1018,2074,294,1.197,242
457,Toyota ,manifold,1,1,1045,427,980,0.739,81
458,Toyota ,manifold,1,1,1498,1700,1387,0.679,82
459,Fiat,medium 3 stripes,1,1,0,2000,334,1.259,43
460,KIA,small cast half cover,1,1,0,7090,279,0.275,355
461,Ford ,big flat w/ upright,1,5,182,2545,320,1.09,766
462,Peugeot,big flat w/ sensor 172,1,1,1679,187,327,1.506,172
463,Suzuki,Manifold,3,1,294,5340,886,0.53,389
464,Suzuki,Manifold,1,1,327,5140,877,0.54,624
465,Audi ,Filter,1,1,1634,868,0,3.2,690
466,Mazda,MPV Subaru,1,1,367,6330,715,0.52,79
468,Nissan ,Manifold,2,3,506,1741,505,0.32,774
469,Nissan ,Manifold,2,3,509,1860,507,0.325,788
470,Citroen,Partner filter,1,2,1817,0,0,3.61,532
471,Fiat,Big wide 3 stripes,1,1,1636,41,320,1.238,11
472,Fiat,Big wide 3 stripes,1,1,835,18,202,1.243,39
473,Fiat,Big wide 3 stripes,3,1,1466,0,292,1.268,501
474,Catco ,AM,1,7,,,,,
475,Skoda ,Shuttle w/ bars,2,2,4432,0,0,1.419,499
476,Skoda ,Shuttle w/ bars,1,2,4245,0,0,1.44,561
477,KIA,half,2,3,0,2750,283,0.29,593
478,Toyota ,front w/ half cover,1,1,0,6209,482,0.513,768
479,Subaru ,Front w/ sensor,1,1,138,1160,154,0.582,129
480,Subaru ,Front w/ sensor,1,1,665,4245,625,0.7374,217
481,KIA,full,1,3,0,2670,470,0.567,523
482,Mitsubishi,115,1,3,153,7940,686,0.284,447
483,Mitsubishi,115,2,3,212,7540,713,0.28,503
484,Peugeot,380,1,2,1400,571,0,2.545,805
485,KIA,cast  3 wholes 04DAO,1,1,10,4339,367,0.533,904
486,Sevel,Round medium,1,2,2768,944,193,1.17,759
487,Subaru ,B3 back 250,1,2,958,11882,3135,0.273,193
488,Subaru ,B3 back 250,4,2,959,12800,3145,0.272,238
489,VW,Pol BC,2,3,0,2287,258,0.496,359
490,VW,Pol BC,4,3,0,1628,220,0.5,500
491,Subaru ,Back 200,1,1,1348,10580,1250,0.289,130
492,BMW,Flat big bend,1,2,0,2412,360,1.81,369
493,BMW,Flat medium bend,1,2,0,1989,367,1.76,325
494,Nissan ,Manifold big 130,1,1,742,2655,530,0.533,569
495,Toyota ,Manifold shiny,1,1,1819,6718,507,0.46,861
496,Toyota ,Manifold shiny,1,1,1811,6789,516,0.459,860
497,Mitsubishi,Manifold 2015,3,1,0,7826,511,0.33,773
498,GM,Med silver cover,6,4,0,5187,164,0.569,671
499,Citroen,Round medium w/  half cover,1,2,17,2855,188,1.74,310
500,Mercedes,Fat Cigar S,2,2,3142,20,4,2.2,459
501,Ford ,Transit small,1,4,1748,860,0,1.197,830
502,Mitsubishi,Manifold Pair,1,2,91,7875,645,0.856,687
503,Ford,Filter h/h,1,5,1365,621,0,3.259,591
504,Peugeot,Round w/ grate,1,2,17,2855,188,1.74,310
505,Toyota ,Camry w/ bar,1,1,40,5215,554,0.61,347
506,GM,Big Round Bad,1,5,16,1352,389,1.34,517
507,GM,Big Round Bad,2,5,0,1330,391,1.38,548
508,GM,Flat Oval w/ blip,4,4,0,2258,309,1.37,747
509,Hyundai,Manifold 728,2,1,0,5640,233,0.503,728
510,Peugeot,Silver mini,1,3,7,1433,120,0.524,799
511,Peugeot,Silver mini,2,3,6,1414,124,0.513,843
512,VW,long neck,2,1,0,2608,185,0.823,819
513,VW,long neck,2,1,122,2478,326,0.795,818
514,VW,long neck,2,1,4,2637,194,0.821,817
515,Suzuki,manifold long,3,1,294,5340,886,0.53,389
516,Suzuki,manifold med.,1,1,327,5140,877,0.54,624
517,Fiat,flat med. Many holes,1,1,16,2247,558,0.966,771
518,Nissan ,back mini 271,2,3,738,43,146,0.31,271
519,VW,small elbow,1,3,0,3672,306,0.26,833
520,Fiat,Lancia long curved neck,1,1,0,4534,415,0.826,801
521,Fiat,771,1,1,16,2247,558,0.966,771
522,Toyota ,AD5,1,2,6996,0,0,0.765,828
523,KIA,Flat 250,1,2,0,3605,669,1.2,506
524,Mercedes,KT1247,1,2,4528,2258,0,0.907,927
525,Mercedes,KT1247-1,1,2,1562,787,0,1.69,927
526,Mercedes,Round 138,1,2,3619,0,0,1.3546,138
527,Peugeot,415 fat cigar,1,2,35,2935,284,1.26,61
528,Seat,2000,1,2,323,4032,280,1.22,59
529,Audi ,Pre,4,3,0,8315,356,0.245,475
530,Audi ,Pre,2,3,22,8050,329,0.229,552
531,Renault,Small S,1,3,2212,0,0,0.716,152
532,Honda,Accord Big,1,2,1316,4415,680,0.916,657
533,Honda,Accord Big,1,2,1287,4440,747,0.921,658
534,Honda,Accord Big,4,2,1309,4127,651,0.927,259
535,Honda,Pre 150,2,3,2,6586,1330,0.382,769
536,Honda,Mini,2,3,386,660,371,0.33,765
537,Mercedes,KT6043 good,1,2,2559,1290,0,3.056,931
538,Opel,Tri Big AC GM28,1,2,224,3388,205,1.6,939
539,Ford,Truck,1,5,2489,2531,0,1.33,968
540,Subaru ,Jeep,1,5,1480,7845,604,0.939,478
541,Subaru ,,1,,,,,,421
542,GM,Partner 6648,1,5,5833,0,0,0.564,966
543,GM,Partner 0431,1,5,9368,0,0,0.602,982
544,Renault,Mini manifold 70,1,3,0,5580,516,0.262,596
545,Skoda ,Octavia ACB,1,2,3611,0,0,1.4,951
546,VW,Filter + ceramic,1,2,1794,1000,0,3.053,537
547,Skoda ,Fabia 045 131 701 N,1,2,5065,0,0,0.941,980
548,Renault,Round Megane C216,1,1,430,1359,419,1.12,955
549,Renault,Round Megane C170,1,2,79,5332,486,1.18,956
550,Mercedes,Flat long wide,1,2,1310,0,272,1.565,326
551,Opel,55570431,1,2,199,3023,189,1.656,1001
552,Suzuki,CO1,1,1,1697,0,574,0.487,1005
553,Suzuki,CO2,1,1,4567,0,912,0.498,1004
554,Suzuki,CO3,1,1,3808,0,1837,0.396,997
555,Suzuki,CO4,1,1,8509,0,2718,0.407,1003
556,Nissan ,manifold 664,2,3,0,4257,351,0.49,664
557,Mitsubishi,AAD,1,1,0,10873,547,0.273,1002
558,Suzuki,Pre big,2,3,988,0,326,0.53,665
559,Subaru ,B4 new FCA49,2,2,590,17950,777,0.346,993
560,Mitsubishi,King new,1,2,2330,1128,2,1.89,346
561,BMW,cigar w/ split,1,2,195,6615,252,1.238,337
562,Subaru ,B3 front w/ 2 sensors,1,2,1978,6631,1292,0.42,893
563,KIA,DF LE42,2,2,1542,765,2,1.741,839
564,KIA,DF LE42,4,2,1717,834,0,1.81,856
565,Jaguar,440,2,2,0,6610,168,0.824,440
566,Suzuki,Manifold bad,1,3,1846,28,655,0.421,225
567,Suzuki,Manifold bad,5,3,1623,847,603,0.442,311
568,Ford,Connect,1,4,1327,0,0,1.094,48
569,Citroen,Jumpy,1,1,1062,0,0,1.02,109
570,Mazda,K2A1,1,1,0,1730,317,1.06,339
571,KIA,Carnival,1,1,1502,20,13,1.3784,123
572,Toyota ,AB8,1,3,840,0,0,1.04,483
573,Toyota ,AB8,2,3,1076,0,0,0.921,793
574,Toyota ,AB8,3,3,914,884,0,1.074,914
575,Toyota ,AA4,1,1,725,0,0,1.23,600
576,Mazda,Small square,1,3,1401,32,281,0.314,213
577,Fiat,Long hollow,1,1,1803,0,342,1.423,816
578,BMW,filter,1,2,1405,12,0,3.27,486
579,Renault,Kangoo Medium,1,3,1151,9,0,1.013,468
580,Hyundai,D1AA22,1,3,1177,0,0,0.7734,794
581,Toyota ,AG4,1,2,3703,1229,0,0.934,792
582,Mitsubishi,AAD,1,1,6,10050,573,0.265,932
583,VW,Golf 2000 Benzene w/o,1,2,265,3710,269,1.87,1018
584,Mitsubishi,AAE,1,3,41,867,275,0.376,1017
585,Ssangyong,24320,1,2,1304,0,0,1.58,1016
586,Citroen ,Partner TR PSA K685,2,1,807,784,0,1.026,1015
587,Citroen ,Partner TR PSA K638,1,1,1463,963,0,0.905,1014
588,Citroen ,Partner TR PSA K635,1,1,2641,1723,0,0.94,1013
589,Citroen ,Partner TR PSA K685,1,1,869,839,0,0.961,1012
590,Citroen ,PSA F026N,2,1,0,0,0,1.895,1011
591,Peugeot,Big flat no sensor,1,2,0,2629,267,1.419,1010
592,Mitsubishi,XA,1,3,65,616,305,0.583,1009
593,KIA,Getz 2JB5D,1,1,6,8009,180,0.78,1008
594,GM,like Partner 55570431,2,5,9351,0,6,0.607,1007
595,Suzuki,Big flat 77E-CO3,1,2,267,3333,239,1.163,1006
596,Mazda,ZJ15,2,3,355,1886,720,0.305,1000
597,GM,like Partner 55570431,2,5,9391,0,0,0.603,999
598,KIA,mini pre GDUCR0,1,3,4,745,75,0.285,996
599,Unknown,Chinese,1,3,3,792,251,0.806,995
600,Subaru ,B4 new elbow,3,1,1070,13525,3345,0.27,994
601,Renault,New Med. S 208A02104R,1,1,0,2842,244,0.843,992
602,GM,filter +ceramic GM207,1,5,2261,1266,0,2.574,991
603,Ford,Big Flat F7CC FED,1,5,76,3419,0,1.11,1019
604,VW,Golf 2000 benzene,,,,,,,
605,KIA,UDRS11,1,2,2628,0,0,1.62,1021
606,KIA,2EAB0,1,2,0,7578,152,0.793,1043
607,Toyota ,Camry 28320,1,2,2545,8436,659,0.627,1044
608,Volvo ,Filter 31439684 + steel,1,2,624,297,0,1.985,1041
609,Volvo ,Filter 31370436 + steel,1,2,745,336,0,2.03,1038
610,Ford,Big round cast,1,4,0,86,144,0.973,1032
611,Renault,Megane C71,2,1,0,2154,336,1.254,1034
612,Renault,Megan C138,1,1,74,5491,469,1.19,1036
613,Renault,Round Megane C152,1,1,213,1588,367,1.002,1040
614,VW,Golf 2000 Benzene w/,1,2,288,4068,305,1.84,1023
615,Toyota ,Camry 28330,1,2,1991,1594,536,0.659,1024
616,Renault,Medium S,1,1,4237,0,0,0.753,1028
617,Renault,Megan C199,1,1,1395,0,320,1.256,1030
618,Renault,Megan C130,1,2,0,2764,380,1.28,1031
619,GM,ceramic,1,1,7276,3642,0,0.512,991
620,GM,,1,1,2063,1019,0,2.063,991b
621,Fiat,,,,6641,3285,0,0.444,875
622,Citroen ,Like C5 4351,1,1,0,1613,316,0.86,1026
623,Honda,Acura,1,2,1603,5417,500,1.553,797
624,Mitsubishi,SU,1,3,73,546,291,0.581,557
625,BMW,838,1,2,0,7423,340,1.007,838
626,Toyota ,AF3,1,2,3251,1152,0,0.969,607
627,Toyota ,ZC8,1,2,313,0,0,2.03,1075
628,Toyota ,ZC7,1,2,0,0,0,1.008,1074
629,Peugeot,TR PSA K647,1,3,0,1653,130,0.459,1073
630,Hyundai,Tucson UFJMO3,1,2,2420,972,0,1.053,1072
631,Hyundai,Tucson UFJMO4,1,2,1277,72,0,2.662,1072
632,Hyundai,W2BEF1,1,1,0,7006,246,0.524,1071
633,Unknown,France 2D036 manifold,1,2,380,5150,346,0.896,1070
634,Hyundai,W2BPF2,1,1,0,7751,281,0.519,1069
635,Renault,Megane C71,1,1,0,1971,293,1.304,1068
636,Ford,Mondeo 2S71 DA,1,4,829,0,223,1.032,1067
637,Ford,Mondeo 1S71 EG,1,5,0,6681,487,1.279,1066
638,Ford,Mondeo 4S71 DA,1,4,0,1129,259,1.219,1065
639,Ford,Mondeo 4S71-5E211-CA,1,4,0,493,251,1.259,1064
640,Chrysler ,CLLC363,1,5,4319,2168,0,1.181,1063
641,KIA,ESH31,1,3,95,2370,452,0.523,1062
642,Sevel ,Filter 8820,1,1,546,536,0,0.769,1061
643,Sevel ,Filter 8820 b,1,1,0,0,0,2.849,1061
644,GM,Aveo 96427688,1,4,0,2350,435,0.705,1060
645,Toyota ,Front GG2,1,1,2193,2931,578,0.526,1059
646,Toyota ,Back,1,3,2072,0,392,0.398,1059b
647,Toyota ,Front GM8,1,1,1661,6829,502,0.485,1058
648,Toyota ,Back,1,3,1979,0,382,0.432,1058b
649,Toyota ,Front GY7,1,1,1715,6586,495,0.486,1057
650,Toyota ,Back,1,3,2081,0,398,0.397,1057b
651,GM,Aveo 96418351,1,4,0,3548,471,0.762,1056
652,VW,Germany 6N0 131 701 BL,1,2,0,4186,305,1.12,1055
653,,,,,,,,,1054
654,VW, 1J0 178 AA DL,1,2,316,4659,309,1.233,1053
655,Opel,"Tri Big AC GM28 90573212
",1,2,210,3049,197,1.687,1052
656,VW,Germany 6N0 131 701 AT,1,2,0,2942,295,1.192,1051
657,Suzuki,60G2,1,1,195,3150,185,0.854,1050
658,Opel,"Tri Big GM 32 90531239
",1,2,2291,0,0,1.373,1049
659,VW,Germany 1J0 178 AA DN,1,2,293,3967,283,1.267,1048
660,KIA,Flat 250 UDJM11,1,1,1054,0,0,1.208,1047
661,Suzuki,60G1,1,3,1321,0,260,0.454,1046
662,GM,Aveo 96471611,1,4,2552,0,508,0.664,1045
663,Mitsubishi,AGR,1,3,37,45,352,0.383,1039
664,Volvo,Filter + steel 31370436,1,1,745,336,0,2.031,1038
665,Mercedes,KT 0334 long neck,1,1,0,2466,217,0.811,1037
666,Chrysler ,sensor in middle good,1,5,0,3968,661,1.058,1035
667,Mecedes,6043,1,2,7491,3783,0,0.631,931
668,Mecedes,6043-1,1,2,1280,644,0,2.425,931b
669,Mecedes,6044,1,2,6144,3096,0,0.627,927
670,Mecedes,6044-1,1,2,0,0,0,2.344,927b
671,Mecedes,1247,1,2,4710,2263,0,0.91,913
672,Mecedes,1247-1,1,2,1313,681,0,1.85,913b
673,,,,,,,,,1034
674,,,,,,,,,1033
675,,,,,,,,,1032
676,,,,,,,,,1031
677,,,,,,,,,1030
678,,,,,,,,,1029
679,,,,,,,,,1028
680,Fiat,Lancia manifold,1,3,0,2554,163,0.674,1076
681,Daihatsu,bad 2,1,1,1616,0,326,0.801,963
682,Daihatsu,manifold,1,1,1500,2013,1286,0.671,1080
683,Isuzu,Dmax tri,3,1,535,1678,294,0.83,411
684,Volvo,Long,1,2,1532,0,298,1.45,145
685,Volvo,Long,3,2,1328,23,292,1.428,448
686,Hyundai,Tucson UFJMO1,1,2,6598,13,0,1.098,1081
687,Hyundai,Tucson UFNFO3,1,2,4457,2189,0,1.073,1084
688,Citroen,Partner K538,1,2,1533,734,0,1.25,1082
689,Citroen,Partner K538,1,2,1552,747,0,1.24,1082
690,Citroen,Partner K538,1,2,1526,735,0,1.242,1082
691,Citroen,Partner K536,1,2,749,348,0,1.276,1083
692,Citroen,Partner K644,1,2,383,168,0,1.231,1087
693,Citroen,Partner K594,1,2,2739,1349,0,1.508,1088
694,Citroen,Partner K594,1,2,3201,1530,0,1.241,1088
695,Citroen,Partner K450 V,1,2,7251,22,0,1.267,1089
696,,,,,,,,,
